Road,Slot,1TO2,BASELINE,DBSCAN,LIMITE,RANDOM,XMEANS,ERR_DBSCAN,ERR_XMEANS,ERR_1TO2,ERR_RAND,ERR_LIMITE
-23840712#0_0,2,0.5001250877921491,0.5001250877921491,0.5001250877921491,0.5001250877921491,0.5001250877921491,0.5001250877921491,True,True,True,True,True
-23840712#0_0,4,0.3918733947493887,0.3918733947493887,0.3918733947493887,0.3918733947493887,0.3918733947493887,0.3918733947493887,True,True,True,True,True
-23840712#0_0,7,0.2899114645012123,0.2899114645012123,0.2899114645012124,0.2899114645012123,0.2899114645012124,0.2899114645012124,True,True,True,True,True
-23840712#0_0,10,0.18665764394067558,0.18665764394067558,0.1866576439406756,0.18665764394067558,0.1866576439406756,0.1866576439406756,True,True,True,True,True
-23840712#0_0,13,0.10062902754494711,0.10062902754494718,0.10062902754494707,0.10062902754494718,0.10062902754494707,0.10062902754494707,True,True,True,True,True
-23840712#0_0,17,0.0,-1.8213160254894576e-16,0.0,-1.8213160254894576e-16,0.0,0.0,True,True,True,True,True
-23840712#2_0,1,0.04498027376449441,0.04283835596618515,0.0,0.04283835596618515,0.03855452036956664,0.05140602715942215,True,True,True,True,True
-23840712#2_0,2,0.42648844209002096,0.3778466001191664,0.29569557000191193,0.13087524028027533,0.28510949029577726,0.264840536574275,True,False,True,True,False
-23840712#3_0,1,1.8452511358067308e-16,1.8452511358067308e-16,0.0,0.0,0.0,0.0,True,True,True,True,True
-23840712#4_0,1,0.4231090601219206,0.42365553755352375,0.4238922175113009,0.42365553755352375,0.42543118080469094,0.42223508161992573,True,True,True,True,True
-23840712#4_0,2,0.821845703652021,0.8274350455621592,0.7753193351463951,0.0,0.8183100486901889,0.807789143569417,True,True,True,True,False
-23840712#4_0,3,0.28361272073154364,0.3077776009721098,0.3092431300038928,0.3077776009721098,0.3010934484322677,0.3195627572866898,True,True,True,True,True
-23840712#4_0,5,0.16787411056520518,0.17231100277745617,0.17875461904807832,0.17231100277745617,0.17500537085689946,0.18117921410952093,True,True,True,True,True
-23840712#4_0,6,0.1141867260733711,0.11418672607337117,0.1141867260733711,0.11418672607337117,0.11418672607337106,0.1141867260733711,True,True,True,True,True
-23840712#4_0,7,0.1659034172632135,0.17182028400348023,0.20277749885974516,0.17182028400348023,0.1607250301584397,0.19800432324301084,True,True,True,True,True
-23840712#4_0,8,0.0630615246089968,0.06935684527253791,0.07421850414283594,0.06935684527253791,0.06075375700563757,0.03945236601514199,True,True,True,True,True
-23840712#4_0,9,0.3883261152110242,0.3067225533310187,0.28861412434180067,0.3067225533310187,0.2852325275816841,0.14188172665200785,True,False,True,True,True
-23840712#4_0,10,0.2665304830281396,0.2668584003587547,0.26626731913411605,0.2668584003587547,0.26101648305283237,0.2566004051472276,True,True,True,True,True
-23840712#4_0,11,0.3974299126258536,0.4029924560236086,0.40383021351695403,0.4029924560236086,0.40514524585631817,0.40119133412589036,True,True,True,True,True
-23840712#4_0,12,0.5092183078031791,0.507522783821317,0.49734640886244824,0.507522783821317,0.507368091012363,0.5013847123572696,True,True,True,True,True
-23840712#4_0,13,0.6886058395695073,0.6814813730855505,0.6837000894246332,0.6259656000462909,0.684424991072201,0.6861335064191941,True,True,True,True,True
-23840712#4_0,14,0.6321794968076484,0.6336640001157274,0.6385491005413467,0.6067318959032514,0.6316827548343718,0.6360613983299097,True,True,True,True,True
-23840888#1_0,2,0.0,2.160786727698556e-16,0.0,2.160786727698556e-16,0.0,0.0,True,True,True,True,True
-23840888#1_0,3,0.33959138194451194,0.33959138194451194,0.33959138194451194,0.33959138194451194,0.33959138194451194,0.33959138194451194,True,True,True,True,True
-23840888#1_0,4,0.5515711213398079,0.5515711213398078,0.5515711213398079,0.0,0.5515711213398079,0.5515711213398079,True,True,True,True,False
-28675493#0_0,1,0.6850130154937863,0.6850130154937863,0.6850130154937865,0.6850130154937863,0.6850130154937865,0.6850130154937865,True,True,True,True,True
-28675493#0_0,2,0.7090553515074794,0.7945798970611417,0.7630389962347457,0.5987889350473372,0.7661015400252615,0.7971785648486577,True,True,True,True,False
-28675493#0_0,3,0.5338855432014273,0.5485328596644498,0.575735018810063,0.5485328596644498,0.54853285966445,0.630139337101289,True,True,True,True,True
-28675493#0_0,4,0.34252143990586054,0.3425214399058605,0.3425214399058605,0.3425214399058605,0.3226643986128693,0.29839468147699105,True,True,True,True,True
-28675493#0_0,5,0.0,0.6529454240733147,0.6529454240733146,0.6529454240733147,0.6529454240733146,0.6529454240733146,True,True,False,True,True
-28675493#0_0,6,0.2818612156114608,0.2818612156114608,0.2818612156114608,0.2818612156114608,0.2818612156114608,0.2818612156114608,True,True,True,True,True
-28675493#0_0,7,0.4931761919325882,0.4979957476777147,0.5188804892399308,0.4979957476777147,0.497995747677715,0.5248475582577068,True,True,True,True,True
-28675493#0_0,8,0.09153636315010602,0.264961131813076,0.2401861648612232,0.264961131813076,0.20715287559208603,0.3392860326686346,True,True,False,True,True
-28675493#0_0,9,0.42425675221599407,0.4199101396045428,0.42524681397749126,0.4199101396045428,0.4068703017701894,0.4199101396045429,True,True,True,True,True
-28675493#0_0,11,0.46456266996965856,0.48301299766434297,0.4979489772267064,0.48301299766434297,0.4621026262770339,0.4946298706572923,True,True,True,True,True
-28675493#0_0,12,0.717266033127106,0.717266033127106,0.717266033127106,0.717266033127106,0.717266033127106,0.0,True,False,True,True,True
-28675493#0_0,13,0.5279595161911919,0.5492919482232959,0.5646987046909265,0.27197033180594427,0.5492919482232959,0.45685140941751207,True,True,True,True,False
-28675493#0_0,14,0.9317640773762886,0.9266629067583866,0.9490903805859813,0.2987858148947171,0.9231783658279261,0.906695747166468,True,True,True,True,False
-28675493#1_0,1,0.0,-1.734825125886527e-16,0.0,-1.734825125886527e-16,-1.734825125886527e-16,0.0,True,True,True,True,True
-28675493#1_1,1,0.03857057617993224,0.03606916373561277,0.16334261631423674,0.0,0.08750497302548405,0.11796966733805984,False,True,True,True,True
-28675494_1,2,0.6875444541111467,0.8159593898502587,0.8029721293710029,0.0,0.773620520519211,0.6875444541111467,True,False,False,True,False
-28675494_1,3,0.5388265640978678,0.5388265640978677,0.5388265640978678,0.5388265640978677,0.5388265640978678,0.5388265640978678,True,True,True,True,True
-28675494_1,5,0.3822481188088589,0.3822481188088589,0.3822481188088589,0.3822481188088589,0.3822481188088589,0.3822481188088589,True,True,True,True,True
-28675494_1,7,0.24870644260268335,0.24870644260268335,0.24870644260268332,0.24870644260268335,0.24870644260268338,0.24870644260268335,True,True,True,True,True
-28675494_1,9,0.10816276691545712,0.10816276691545716,0.10816276691545708,0.10816276691545716,0.10816276691545712,0.10816276691545712,True,True,True,True,True
-28675494_1,11,1.8075276537898564e-16,2.2594095672373203e-16,0.0,2.2594095672373203e-16,1.3556457403423922e-16,0.0,True,True,True,True,True
-28675494_1,14,0.2515476899125417,0.2515476899125417,0.2515476899125417,0.2515476899125417,0.2515476899125417,0.2515476899125417,True,True,True,True,True
-28675494_1,15,0.4840224674511959,0.4840224674511959,0.4840224674511959,0.4840224674511959,0.4840224674511959,0.4840224674511959,True,True,True,True,True
-28675494_1,16,0.6778309446403225,0.6778309446403225,0.6778309446403223,0.0,0.6778309446403223,0.6778309446403223,True,True,True,True,False
-290365598#0_0,4,0.2542683604605002,0.2542683604605002,0.2542683604605002,0.2542683604605002,0.2542683604605002,0.2542683604605002,True,True,True,True,True
-290365598#0_0,5,0.49539896784438275,0.49539896784438275,0.4953989678443827,0.49539896784438275,0.4953989678443827,0.4953989678443827,True,True,True,True,True
-290365598#0_0,6,0.684905915045653,0.684905915045653,0.684905915045653,0.0,0.684905915045653,0.684905915045653,True,True,True,True,False
-290365598#0_0,7,0.590323938070663,0.590323938070663,0.590323938070663,0.590323938070663,0.590323938070663,0.590323938070663,True,True,True,True,True
-290365598#1_0,1,0.3819739123256006,0.3819739123256005,0.3819739123256006,0.3819739123256005,0.3819739123256006,0.3819739123256006,True,True,True,True,True
-290365598#1_0,2,0.1648394287129529,0.16483942871295293,0.16483942871295293,0.16483942871295293,0.1648394287129529,0.16483942871295293,True,True,True,True,True
-290365598#1_0,3,0.2177032939816725,0.21770329398167249,0.2177032939816725,0.21770329398167249,0.2177032939816725,0.2177032939816725,True,True,True,True,True
-290365598#1_0,5,0.04796499628498307,0.0479649962849831,0.04796499628498304,0.0479649962849831,0.04796499628498304,0.04796499628498301,True,True,True,True,True
-297047307_0,1,-1.9947410944170264e-16,-1.9947410944170264e-16,0.0,-1.9947410944170264e-16,0.0,0.0,True,True,True,True,True
-297047307_0,2,0.011145173606432409,0.2625918002964561,0.011145173606432352,0.2625918002964561,0.26259180029645607,0.26259180029645607,False,True,False,True,True
-297047307_0,3,0.1758691551003908,0.1758691551003908,0.1758691551003908,0.1758691551003908,0.1758691551003908,0.1758691551003908,True,True,True,True,True
-297047307_0,4,0.22075093765440426,0.2253795535192922,0.08956939016903986,0.2253795535192922,0.22102320917586818,0.1743519391915835,False,True,True,True,True
-297047307_0,5,0.13052486187845316,0.13052486187845316,0.13052486187845316,0.13052486187845316,0.13052486187845316,0.13052486187845316,True,True,True,True,True
-297047307_0,6,0.3248333425810696,0.32311177738849206,0.0,0.32311177738849206,0.3239986443058806,0.3133562412972197,False,True,True,True,True
-297047307_0,7,0.31795187081705073,0.3179518708170507,0.3179518708170508,0.3179518708170507,0.32845977631047035,0.33546504663941673,True,True,True,True,True
-297047307_0,8,0.4095972526777001,0.3935752893440539,0.4284799892197817,0.3935752893440539,0.3966271891079868,0.4417840138346135,True,True,True,True,True
-297047307_0,9,0.5567451907567796,0.5413342766024346,0.5413342766024346,0.5413342766024346,0.5413342766024346,0.5489338554137775,True,True,True,True,True
-297047307_0,10,0.6680765170911376,0.6264790515653775,0.6135674357865817,0.5849619697854436,0.6491356939561358,0.6974825570078905,True,True,True,True,True
-297047307_0,11,0.8000421602396247,0.7989560357555431,0.8117278880211333,0.6441124286933477,0.8214621552302511,0.7976567295887049,True,True,True,True,False
-297047307_0,12,0.8728845682323825,0.8876812331556257,0.9124782756982776,0.702504154875803,0.8968950860244115,0.9126149492244235,True,True,True,True,False
-297047308_0,1,0.5747284374569807,0.576255225983107,0.5571990616331279,0.576255225983107,0.5748937582115858,0.5172353630042827,True,True,True,True,True
-297047308_0,2,0.6040130458641894,0.5628998587668311,0.5879288983429604,0.5628998587668311,0.5816631873923923,0.5937424450717824,True,True,True,True,True
-297047308_0,3,0.4677802447720583,0.5007290069642056,0.49150878430322426,0.5007290069642056,0.4882992666180132,0.5153580555844213,True,True,True,True,True
-297047308_0,4,0.6754643275383146,0.6754643275383149,0.6754643275383144,0.6258213067362145,0.6792830214461685,0.7002858379393644,True,True,True,True,True
-297047308_0,5,0.4829101343671372,0.48280632363150583,0.48570608524127695,0.48280632363150583,0.4980822473794121,0.510625249698207,True,True,True,True,True
-297047308_0,6,0.6824599809666846,0.6771918013588972,0.67453623819734,0.6511300569695804,0.6714154140336386,0.6598260232308467,True,True,True,True,True
-297047308_0,7,0.5346892861164275,0.5357499328333233,0.5835327928672049,0.46901647146610703,0.5556811202697428,0.5811602629017104,True,True,True,True,True
-8716807#3_0,1,0.32525327665603954,0.3233510449876017,0.3198183290319316,0.3233510449876017,0.32747254693588373,0.32335104498760187,True,True,True,True,True
-8716807#3_0,2,0.16682695713779672,0.1668269571377967,0.16682695713779672,0.1668269571377967,0.16682695713779672,0.16682695713779672,True,True,True,True,True
-8716807#3_0,3,0.15291445270988316,0.15291445270988313,0.15291445270988316,0.15291445270988313,0.15291445270988316,0.15291445270988316,True,True,True,True,True
-8716807#3_0,5,0.4202284803400638,0.4202284803400638,0.42022848034006377,0.4202284803400638,0.42022848034006377,0.42022848034006377,True,True,True,True,True
-8716807#3_0,6,0.6386052072263549,0.638605207226355,0.0,0.0,0.6386052072263549,0.6386052072263549,False,True,True,True,False
-8716807#3_0,7,0.5369093163301453,0.5369093163301454,0.5369093163301453,0.5369093163301454,0.5369093163301453,0.5369093163301453,True,True,True,True,True
-8716807#4_0,1,0.639063990172965,0.639063990172965,0.6390639901729649,0.639063990172965,0.639063990172965,0.6390639901729649,True,True,True,True,True
-8716807#4_0,2,0.700987281314137,0.700987281314137,0.700987281314137,0.700987281314137,0.7009872813141372,0.7009872813141371,True,True,True,True,True
-8716807#4_0,3,0.7820181775014935,0.7771477564909551,0.7797543336614098,0.7771477564909551,0.7740811951139493,0.7810904782613909,True,True,True,True,True
-8716807#4_0,4,0.8433047565009955,0.8444983258050034,0.8361431285416726,0.801310398498478,0.8453649661494355,0.8388351266273484,True,True,True,True,True
-8716807#4_0,5,-4.517681387891309e-17,-8.131826498204355e-17,0.0,-8.131826498204355e-17,1.3553044163673926e-16,1.3553044163673926e-16,True,True,True,True,True
-8716807#5_0,1,0.620366915145293,0.6203669151452929,0.620366915145293,0.6203669151452929,0.620366915145293,0.620366915145293,True,True,True,True,True
-8716807#5_0,2,0.30471469565901993,0.277723971631571,0.45933257119995496,0.10417578002946033,0.28347763350891764,0.5046449315304691,False,False,True,True,False
-8716807#5_0,3,0.6449292505468017,0.6449292505468018,0.5872282729991519,0.6449292505468018,0.6449292505468017,0.657751690001835,True,True,True,True,True
-8716807#5_0,4,0.39478217203053173,0.39478217203053173,0.35654874028350797,0.39478217203053173,0.5553625853680312,0.2800818767894605,True,False,True,False,True
-8716807#5_0,6,0.19282371243269342,0.2822903182609472,0.3216935231888586,0.2822903182609472,0.304641610498594,0.366701549560988,True,True,True,True,True
-8716807#5_0,8,0.2330714636432619,0.31648588730675936,0.3231754675713073,0.31648588730675936,0.3237101181885363,0.31648588730675936,True,True,True,True,True
-8716807#5_0,10,0.1410936035352408,0.12597643172789355,0.15117171807347224,0.12597643172789355,0.11197905042479432,0.10078114538231477,True,True,True,True,True
-8716807#5_0,11,0.3838593045574254,0.3929964736865599,0.4099655020692382,0.3929964736865599,0.3692398339508102,0.4099655020692382,True,True,True,True,True
-8716807#5_0,12,0.4550656162121144,0.4550656162121145,0.4550656162121144,0.4550656162121145,0.43343490703130033,0.37163288080040296,True,True,True,True,True
-8716807#5_0,13,0.36116145159130475,0.36116145159130475,0.3611614515913047,0.36116145159130475,0.3611614515913047,0.3611614515913047,True,True,True,True,True
-8716807#5_0,14,0.6605262327660286,0.6649588114471007,0.7246197256744952,0.6014498058295761,0.6605262327660286,0.7401319466142928,True,True,True,True,True
-8716807#6_0,1,0.4457799078174242,0.44577990781742416,0.5286443280573803,0.44577990781742416,0.46084616604287076,0.4457799078174241,True,True,True,True,True
-8716807#6_0,2,0.5449865043502736,0.5449865043502736,0.5449865043502736,0.5449865043502736,0.5449865043502736,0.5449865043502736,True,True,True,True,True
-8716807#6_0,3,0.5044311973179595,0.5044311973179595,0.5044311973179595,0.5044311973179595,0.5044311973179595,0.5044311973179595,True,True,True,True,True
-8716807#6_0,4,0.3242134110530163,0.3142777439897865,0.2884450096253889,0.3142777439897865,0.3358050226267845,0.35733230126378257,True,True,True,True,True
-8716807#6_0,5,0.41496735409870666,0.41496735409870666,0.41496735409870666,0.41496735409870666,0.41496735409870666,0.41496735409870666,True,True,True,True,True
-8716807#6_0,6,0.34874065734118104,0.34874065734118115,0.34874065734118104,0.34874065734118115,0.34874065734118104,0.34874065734118104,True,True,True,True,True
-8716807#6_0,8,0.31513975662593674,0.20565912552210824,0.20565912552210813,0.20565912552210824,0.19349461095501608,0.16916558182083197,True,True,False,True,True
-8716807#6_0,9,0.24962679627851794,0.24962679627851792,0.24962679627851797,0.24962679627851792,0.249626796278518,0.249626796278518,True,True,True,True,True
-8716807#6_0,11,0.18544939903250662,0.1442384214697274,0.21635763220459103,0.1442384214697274,0.1081788161022956,0.216357632204591,True,True,True,True,True
-8716807#6_0,12,0.16133961287339213,0.1613396128733921,0.1613396128733921,0.1613396128733921,0.16133961287339213,0.1613396128733921,True,True,True,True,True
22959550#0_0,1,0.6073856629559113,0.5987767321682249,0.5254786425882961,0.5537935127713738,0.5832436663190933,0.5668637570299423,True,True,True,True,True
22959550#0_0,2,0.6327111612431502,0.658275422443404,0.6643791971371275,0.4284893643393114,0.5904551212066134,0.7457090877453925,True,True,True,True,False
22959550#0_0,3,0.5869181488601256,0.5940582363204717,0.6046321002586558,0.5940582363204717,0.5877916583240373,0.5860744829953377,True,True,True,True,True
22959550#0_0,4,0.5478194750340856,0.5478194750340856,0.5478194750340856,0.5478194750340856,0.5478194750340856,0.5478194750340856,True,True,True,True,True
22959550#0_0,5,0.2856628091663388,0.3715489640837885,0.38562037911026803,0.3715489640837885,0.3894815135277721,0.40043538593798184,True,True,True,True,True
22959550#0_0,6,0.4292711878950832,0.4292711878950832,0.4555409360906916,0.4292711878950832,0.43802777062695264,0.4555409360906916,True,True,True,True,True
22959550#0_0,7,0.45203112772547294,0.445750741302213,0.445750741302213,0.445750741302213,0.45935824521927615,0.4534616601885488,True,True,True,True,True
22959550#0_0,8,0.26669614050272994,0.28363509815699384,0.29084312996386447,0.28363509815699384,0.29666214533788776,0.36041827560233786,True,True,True,True,True
22959550#0_0,9,0.3677403800970061,0.3799449091345775,0.3947329669992067,0.3799449091345775,0.4065186922570866,0.40841282667353157,True,True,True,True,True
22959550#0_0,10,0.0,0.27312338510530776,0.2731233851053078,0.27312338510530776,0.2731233851053078,0.2731233851053078,True,True,False,True,True
22959550#0_0,11,0.24633786072246075,0.2824432939561225,0.3300439537389282,0.2824432939561225,0.2945485575702103,0.3309476818386747,True,True,True,True,True
22959550#0_0,12,0.15705834119924114,0.1798527883451084,0.17985278834510843,0.1798527883451084,0.16465649024786358,0.17985278834510846,True,True,True,True,True
22959550#0_0,13,0.0,0.1743847906715102,0.17438479067151022,0.1743847906715102,0.1743847906715102,0.17438479067151022,True,True,False,True,True
22959550#1_0,1,0.045782690810263475,0.11496716430517126,0.12266226041908614,0.11496716430517126,0.11826506263970618,0.11035010663682228,True,True,True,True,True
22959550#1_0,3,0.0,0.036978693751715586,0.0430648562162581,0.036978693751715586,0.054555148802039384,0.025856789914901587,True,True,True,True,True
22959550#1_0,4,0.1202933356205507,0.187831260426125,0.187831260426125,0.187831260426125,0.16353245032413372,0.1461761573941399,True,True,True,True,True
22959550#1_0,6,0.24204140872405222,0.26017141077348643,0.2767969008453519,0.26017141077348643,0.2747297126084844,0.24487020254277467,True,True,True,True,True
22959550#1_0,7,0.22024759127426585,0.2801117047110247,0.2801117047110248,0.2801117047110247,0.2801117047110248,0.2801117047110248,True,True,True,True,True
22959550#1_0,8,0.5061297424021499,0.5440457588107356,0.5440457588107355,0.5440457588107356,0.5440457588107355,0.5440457588107355,True,True,True,True,True
22959550#1_0,9,0.3335497392792187,0.3868224338534955,0.372969450888238,0.3868224338534955,0.3857395086067722,0.39205246471331734,True,True,True,True,True
22959550#1_0,10,0.5141350030019728,0.5514364296724876,0.5032347382646705,0.5514364296724876,0.5605411936050754,0.5321557531093608,True,True,True,True,True
22959550#1_0,11,0.5393979959317181,0.5741595751420066,0.5741595751420066,0.5741595751420066,0.5681852735604027,0.5641944432713222,True,True,True,True,True
22959550#1_0,12,0.6619490383724017,0.6887558333509302,0.7005378225279963,0.6887558333509302,0.6844469244251111,0.6927857667410424,True,True,True,True,True
22959550#3_0,1,0.5853205232934474,0.5774412217441672,0.5751722592359646,0.5774412217441672,0.5703844296142102,0.5813960952820929,True,True,True,True,True
22959550#3_0,2,0.5117692568865042,0.5163073365133612,0.5096658396553547,0.5163073365133612,0.516024167469095,0.5107219836582936,True,True,True,True,True
22959550#3_0,3,0.4518444127464903,0.4496103419020213,0.443718169573034,0.4496103419020213,0.4497430020603389,0.4557551576500944,True,True,True,True,True
22959550#3_0,4,0.43320216182519466,0.43320216182519466,0.44198638562197,0.43320216182519466,0.4322961799114374,0.4401152899224288,True,True,True,True,True
22959550#3_0,5,0.3507485681525967,0.344018682597021,0.344864053958332,0.344018682597021,0.34150438711756287,0.34107601160886897,True,True,True,True,True
22959550#3_0,6,0.319441529582673,0.3182987036841199,0.3209483445352823,0.3182987036841199,0.3219558191354556,0.319055034232895,True,True,True,True,True
22959550#3_0,7,0.28228599002625454,0.2738219147329538,0.2706394750171154,0.2738219147329538,0.281911133622393,0.266495072255649,True,True,True,True,True
22959550#3_0,8,0.21889350904821261,0.20952115905890487,0.206787737392551,0.20952115905890487,0.21448561491380003,0.20842637790381627,True,True,True,True,True
22959550#3_0,9,0.2139527409892289,0.20994862603875036,0.20640866511190398,0.20994862603875036,0.21290323179137247,0.2012347696756841,True,True,True,True,True
22959550#3_0,10,0.16376772067704543,0.16232984346619322,0.1551404574119324,0.16232984346619322,0.1534536573721047,0.15274399539384545,True,True,True,True,True
22959550#3_0,11,0.16768160103738383,0.16285118991296688,0.1494835392435344,0.16285118991296688,0.16531440726772445,0.14937751411721156,True,True,True,True,True
22959550#3_0,12,0.16603896641784574,0.1734135576050717,0.15948377425142263,0.1734135576050717,0.16744365045350781,0.18177142761726126,True,True,True,True,True
22959550#3_0,13,0.1858484546572801,0.1588919254381815,0.18991336052644067,0.1588919254381815,0.15664388945476318,0.20082228023206414,True,True,True,True,True
22959550#3_0,14,0.09203926239682073,0.1559155196117175,0.1731519567189683,0.1559155196117175,0.14504989897753018,0.18716178411274229,True,True,True,True,True
22959550#3_0,15,0.29131067609914113,0.28271209556673577,0.30265055767106835,0.28271209556673577,0.2958464829523422,0.2951363993092117,True,True,True,True,True
22959550#3_0,16,0.31781593993972784,0.330429934562672,0.3646229329355516,0.330429934562672,0.3590103879671014,0.3023588746709116,True,True,True,True,True
22959550#3_0,17,0.32440597117937475,0.28637170702927167,0.2926067136806132,0.28637170702927167,0.2759647516317428,0.29542588067660014,True,True,True,True,True
22959550#3_0,18,0.3272921386150738,0.32775084463690357,0.3159258106653493,0.32775084463690357,0.34076341357938505,0.2897548170573223,True,True,True,True,True
22959550#3_0,19,0.48894616373646554,0.4580206275081676,0.42881578288239647,0.4580206275081676,0.46844641356317107,0.4223474809849021,True,True,True,True,True
22959550#3_0,20,0.42942317700361265,0.42218134321850714,0.4119474505870146,0.42218134321850714,0.427038850706505,0.42690394671010595,True,True,True,True,True
22959550#3_0,21,0.543478484718612,0.5612285222889521,0.5441502702281493,0.5612285222889521,0.5593180430904392,0.5370150118662333,True,True,True,True,True
22959550#3_0,22,0.5721404528224433,0.564681542665992,0.5617046620448823,0.564681542665992,0.5658578899771046,0.5692489254714087,True,True,True,True,True
22959550#3_0,23,0.673217449706766,0.6699195159827016,0.6664183906615639,0.6627352320733821,0.6849651567726261,0.6599386403764046,True,True,True,True,True
22959550#3_0,24,0.7866540800578794,0.7881306354786557,0.7857034421488327,0.0,0.7894919430970451,0.7837719941099599,True,True,True,True,False
22959550#3_0,25,0.6825464898170467,0.6825464898170467,0.6834930536615778,0.6825464898170467,0.6825464898170467,0.679706798283453,True,True,True,True,True
22959552#1_0,1,0.6091028517585326,0.607124884603905,0.6122761489286384,0.607124884603905,0.6015914621267785,0.6150367532224144,True,True,True,True,True
22959552#1_0,3,0.49481521082742075,0.5035798818621634,0.5062197525450428,0.5035798818621634,0.5117953897090979,0.5234852744171196,True,True,True,True,True
22959552#1_0,4,0.0,-1.8494854959084715e-16,0.0,-1.8494854959084715e-16,0.0,0.0,True,True,True,True,True
22959552#1_0,5,0.41732953327510963,0.42901552381150704,0.4069419861316453,0.42901552381150704,0.4216576779182198,0.41955543623442343,True,True,True,True,True
22959552#1_0,6,0.36301355600441454,0.36301355600441454,0.3630135560044145,0.36301355600441454,0.36301355600441454,0.3630135560044145,True,True,True,True,True
22959552#1_0,7,0.2638895785513032,0.27254909106053343,0.31007364526719844,0.27254909106053343,0.2444056754055349,0.22564339830220242,True,True,True,True,True
22959552#1_0,8,0.26028999125419067,0.25975834495970684,0.2594545470771446,0.25975834495970684,0.2589077108885326,0.2610342960664682,True,True,True,True,True
22959552#1_0,9,0.29300543489577907,0.2930054348957792,0.0,0.2930054348957792,0.29300543489577907,0.29300543489577907,False,True,True,True,True
22959552#1_0,10,0.31526560189909,0.31526560189909,0.31526560189909003,0.31526560189909,0.31526560189909,0.31526560189909003,True,True,True,True,True
22959552#1_0,11,0.24159655116237194,0.24317254232347,0.24093988817858106,0.24317254232347,0.24317254232346996,0.24189673995496203,True,True,True,True,True
22959552#1_0,12,0.3089248901567998,0.3089248901567997,0.3089248901567998,0.3089248901567997,0.3089248901567998,0.3089248901567998,True,True,True,True,True
22959552#1_0,13,0.37779293255315155,0.37779293255315155,0.3777929325531516,0.37779293255315155,0.3777929325531516,0.3777929325531516,True,True,True,True,True
22959552#1_0,14,0.44013885103967393,0.4409840076629949,0.44233586936562597,0.4409840076629949,0.44204618471506213,0.4459408339059756,True,True,True,True,True
22959552#1_0,15,0.514376965204173,0.514376965204173,0.514376965204173,0.514376965204173,0.514376965204173,0.0,True,False,True,True,True
22959552#1_0,16,0.6119175186889616,0.6178955916956455,0.6192725360764634,0.6178955916956455,0.6163287174895364,0.6314140099535639,True,True,True,True,True
22959552#1_0,17,0.748947726436638,0.7550845428232302,0.7641000145763489,0.726034660475189,0.748210623034796,0.7603119425414211,True,True,True,True,True
22959552#1_0,18,0.7839136839036559,0.7766358047185729,0.7767483349324602,0.7310262790746102,0.7808917453244131,0.784019476244556,True,True,True,True,True
22959552#2_0,1,0.46085224878078146,0.4580544238621185,0.45236405141275987,0.4580544238621185,0.45469193105113387,0.4580544238621186,True,True,True,True,True
22959552#2_0,2,0.3559360023361992,0.3656580100480999,0.35993348714948786,0.3656580100480999,0.3474736975901532,0.3498973628240893,True,True,True,True,True
22959552#2_0,3,0.2635987182317486,0.2635987182317485,0.2625363758604773,0.2635987182317485,0.2646610606030198,0.26536928885053396,True,True,True,True,True
22959552#2_0,4,0.19739632461650644,0.2576447842869662,0.2801610238090459,0.2576447842869662,0.25292416523074596,0.23179333828379525,True,True,True,True,True
22959552#2_0,5,0.15093891531365192,0.15093891531365192,0.15830127797735724,0.15093891531365192,0.14968396713233853,0.13713448531920455,True,True,True,True,True
22959552#2_0,6,0.11960048434249171,0.15359142633511957,0.1372749714010477,0.15359142633511957,0.15334451140339517,0.14968206661716207,True,True,True,True,True
22959552#2_0,7,0.05878004562452756,0.05878004562452758,0.05809484148487103,0.05878004562452758,0.05680138126402205,0.05491065754176122,True,True,True,True,True
22959552#2_0,8,0.23198934981703362,0.19884801412888597,0.2237040158949967,0.19884801412888597,0.19884801412888595,0.24856001766110747,True,True,True,True,True
22959552#2_0,9,0.0,0.10459188793224557,0.1091993110978802,0.10459188793224557,0.09629852623410336,0.11051571771663293,True,True,False,True,True
22959552#2_0,10,0.19893431272201814,0.19893431272201811,0.23582778230860593,0.19893431272201811,0.19893431272201811,0.2053966724868043,True,True,True,True,True
22959552#2_0,11,0.2187301396164061,0.2362797501577682,0.21851773804028607,0.2362797501577682,0.23074916132896744,0.23308891187752048,True,True,True,True,True
22959552#2_0,12,0.34664397147463566,0.3915230029234486,0.39152300292344844,0.3915230029234486,0.3752033551238801,0.39152300292344844,True,True,True,True,True
22959552#2_0,13,0.5200791786193082,0.5200390988017269,0.5158556412594986,0.3981330960679506,0.5476800928812389,0.5473449245500542,True,True,True,True,False
22959552#2_0,14,0.7333748902683748,0.7055681237810807,0.748554953887864,0.5017291495240201,0.7210893466724864,0.6675382279353226,True,True,True,True,False
22959552#2_0,15,0.7307564459429499,0.7036339697575797,0.6414755609966036,0.5578285311622656,0.7167755361100785,0.6955243266702791,True,True,True,True,False
22959552#2_0,16,0.8244521006666244,0.8250143423752891,0.8565849236788019,0.6388066041838091,0.8209928374485218,0.8421277099347976,True,True,True,True,False
22959552#2_0,17,0.8625856337228021,0.8524098094493134,0.8994220076980753,0.0,0.8720734394671141,0.904412752150868,True,True,True,True,False
23283470#0_0,1,0.4436651679463051,0.4564950357999982,0.5364467879584541,0.4564950357999982,0.4299435365817227,0.4489653974845399,True,True,True,True,True
23283470#0_0,2,0.668231120659195,0.7159708220512074,0.6280332905127516,0.3825176261464464,0.6770942960540134,0.6406908123145837,True,True,True,True,False
23283470#0_0,3,0.20814537089594604,0.20814537089594604,0.20814537089594606,0.20814537089594604,0.20814537089594604,0.20814537089594606,True,True,True,True,True
23283470#0_0,4,0.35493449944731575,0.3452842589549787,0.3255331273076919,0.3452842589549787,0.34543567714434414,0.32124856227407167,True,True,True,True,True
23283470#0_0,5,0.21955341733521175,0.2322554745615871,0.3148188465330267,0.2322554745615871,0.19414930288246107,0.2872977225425469,True,True,True,True,True
23283470#0_0,6,0.40148627251814895,0.4014862725181489,0.401486272518149,0.4014862725181489,0.40148627251814895,0.401486272518149,True,True,True,True,True
23283470#0_0,7,0.2974719259635462,0.277436291936785,0.26009759731724086,0.277436291936785,0.3051799211304635,0.3162756550055269,True,True,True,True,True
23283470#0_0,8,0.045252890389269024,0.045252890389269024,0.0,0.045252890389269024,0.04525289038926897,0.04525289038926892,True,True,True,True,True
23283470#1_0,1,0.2245459268240788,0.22169667475274757,0.20928483545796506,0.22169667475274757,0.2327815084903849,0.20928483545796506,True,True,True,True,True
23283470#1_0,2,0.4550600362714248,0.4465471249096125,0.5445536868541705,0.35137168538713154,0.4665011860566784,0.47533489663907413,True,True,True,True,True
23283470#1_0,3,0.5340706898180603,0.538321962252717,0.5380391624471305,0.0,0.5344589739998445,0.5476551542920518,True,True,True,True,False
23283470#1_0,4,0.38140726695606053,0.38140726695606064,0.3731849934846649,0.38140726695606064,0.38364970517553193,0.3814072669560605,True,True,True,True,True
23283470#2_0,1,0.4007077201630862,0.4007077201630862,0.4007077201630862,0.4007077201630862,0.4007077201630862,0.4007077201630862,True,True,True,True,True
23283470#2_0,2,0.7419705687799693,0.7243524587740977,0.7190948313382285,0.36645730220510014,0.74211834712808,0.7217173146997318,True,True,True,True,False
23283470#2_0,3,0.5526102521556422,0.5415088448500303,0.5400814864672236,0.49269988744319865,0.5183566156306375,0.528234860816503,True,True,True,True,True
23283470#2_0,4,0.39701416101129317,0.3414702429332612,0.28803208419513077,0.3414702429332612,0.2952382938723725,0.36889124208229346,True,True,True,True,True
23283470#2_0,5,0.44118004022088436,0.44470421350108913,0.448228386781294,0.44470421350108913,0.44387833914516167,0.44189624069093575,True,True,True,True,True
23283470#2_0,6,0.12511494162312572,0.12540391591940853,0.12916058177108464,0.12540391591940853,0.1264284611516838,0.12603002689468784,True,True,True,True,True
23283470#2_0,7,0.3164804811460157,0.262647772102213,0.2931052901696723,0.262647772102213,0.2619473207736682,0.25952859772434095,True,True,True,True,True
23283470#2_0,9,0.19169871561896334,0.2070485038944906,0.21574372921420124,0.2070485038944906,0.21176935626131432,0.18816249269361984,True,True,True,True,True
23283470#2_0,10,0.3210974618551388,0.3210974618551389,0.3210974618551388,0.3210974618551389,0.3210974618551388,0.3210974618551388,True,True,True,True,True
23283470#2_0,11,0.32522008048582246,0.32426612304595004,0.33060389373715404,0.32426612304595004,0.3363171062108888,0.31586386427397195,True,True,True,True,True
23283470#2_0,13,0.45812758952230553,0.46062736650124575,0.46032406572662704,0.46062736650124575,0.4597402904542814,0.456190825996583,True,True,True,True,True
23283470#2_0,14,0.5907346205970042,0.5875724956111659,0.5865573643205954,0.5875724956111659,0.5887326456575321,0.589664598352838,True,True,True,True,True
23283470#2_0,15,0.6808427702057098,0.6890345823200377,0.6894151776831466,0.6362128931503351,0.7097704806336411,0.6969505959851298,True,True,True,True,True
23283470#2_0,16,0.7262584196445265,0.7536055785887339,0.7550965756447052,0.6386814334141719,0.7491041227507915,0.7528354385378636,True,True,True,True,False
23283470#3_0,1,0.6553805408943679,0.6553805408943678,0.6553805408943679,0.6553805408943678,0.6553805408943679,0.6553805408943679,True,True,True,True,True
23283470#3_0,3,0.5801993085520598,0.5801993085520598,0.5801993085520598,0.5801993085520598,0.5801993085520598,0.5801993085520598,True,True,True,True,True
23283470#3_0,6,0.5053852433422742,0.5053852433422742,0.5053852433422743,0.5053852433422742,0.5053852433422743,0.5053852433422743,True,True,True,True,True
23283470#3_0,9,0.4387383896561194,0.4387383896561194,0.43873838965611933,0.4387383896561194,0.43873838965611933,0.43873838965611933,True,True,True,True,True
23283470#3_0,12,0.3717040542624869,0.37170405426248687,0.3717040542624869,0.37170405426248687,0.3717040542624869,0.3717040542624869,True,True,True,True,True
23283470#3_0,15,0.29385785064273057,0.29385785064273057,0.29385785064273057,0.29385785064273057,0.29385785064273057,0.29385785064273057,True,True,True,True,True
23283470#3_0,19,0.22921235878548932,0.22921235878548935,0.22921235878548937,0.22921235878548935,0.22921235878548937,0.22921235878548935,True,True,True,True,True
23283470#3_0,24,0.15052723845925234,0.15052723845925237,0.15052723845925234,0.15052723845925237,0.15052723845925234,0.15052723845925234,True,True,True,True,True
23283470#3_0,28,0.07933593911646654,0.07933593911646654,0.07933593911646654,0.07933593911646654,0.07933593911646654,0.07933593911646654,True,True,True,True,True
23283470#3_0,34,1.3365160800396134e-16,1.3365160800396134e-16,0.0,1.3365160800396134e-16,1.3365160800396134e-16,0.0,True,True,True,True,True
23647118_0,2,0.883863348926054,0.878600703892281,0.7975744997212069,0.0,0.8857593774403171,0.7975744997212069,True,True,True,True,False
23647118_0,3,0.7012912252442022,0.7012912252442022,0.701291225244202,0.7012912252442022,0.7012912252442021,0.7012912252442021,True,True,True,True,True
23647118_0,5,0.6080973917353323,0.6080973917353323,0.6080973917353324,0.6080973917353323,0.6080973917353324,0.6080973917353324,True,True,True,True,True
23647118_0,6,0.5036614831794807,0.5036614831794807,0.5036614831794808,0.5036614831794807,0.5036614831794807,0.5036614831794808,True,True,True,True,True
23647118_0,9,0.40076513227185423,0.4007651322718543,0.4007651322718543,0.4007651322718543,0.40076513227185423,0.40076513227185434,True,True,True,True,True
23647118_0,11,0.3040910311215744,0.3040910311215744,0.30409103112157443,0.3040910311215744,0.30409103112157443,0.30409103112157443,True,True,True,True,True
23647118_0,14,0.2065908762364992,0.2065908762364992,0.2065908762364992,0.2065908762364992,0.2065908762364992,0.2065908762364992,True,True,True,True,True
23647118_0,17,0.1059000888007764,0.10590008880077639,0.1059000888007764,0.10590008880077639,0.1059000888007764,0.1059000888007764,True,True,True,True,True
23647118_0,21,-1.8342077518950198e-16,-1.8342077518950198e-16,-1.8342077518950198e-16,-1.8342077518950198e-16,0.0,0.0,True,True,True,True,True
23647118_0,25,0.1448123825454846,0.1448123825454846,0.1448123825454846,0.1448123825454846,0.1448123825454846,0.1448123825454846,True,True,True,True,True
23647118_0,28,0.3231780352311917,0.3231780352311917,0.3231780352311917,0.3231780352311917,0.3231780352311917,0.3231780352311917,True,True,True,True,True
23647118_0,30,0.4908173801705801,0.4908173801705801,0.49081738017058,0.4908173801705801,0.49081738017058013,0.4908173801705801,True,True,True,True,True
23647118_0,31,0.6471903847345271,0.6471903847345271,0.6471903847345271,0.6471903847345271,0.6471903847345271,0.6471903847345271,True,True,True,True,True
23647118_0,32,0.7803739958284286,0.7803739958284286,0.7803739958284286,0.0,0.7803739958284286,0.7803739958284286,True,True,True,True,False
23647118_0,33,0.7832579559300331,0.7832579559300331,0.7832579559300332,0.0,0.7832579559300332,0.7832579559300332,True,True,True,True,False
23647126_0,2,0.8905679367294697,0.8934878530029021,0.8827233978153023,0.0,0.8887208827066032,0.8852601770022087,True,True,True,True,False
23647126_0,3,0.0,0.735025257021827,0.0,0.735025257021827,0.735025257021827,0.7350252570218269,False,True,False,True,True
23647126_0,5,0.6396024479161786,0.6396024479161786,0.6109278726008965,0.6396024479161786,0.6396024479161786,0.6396024479161786,True,True,True,True,True
23647126_0,6,0.5474016663074139,0.5474016663074138,0.5113912524408382,0.5474016663074138,0.5474016663074139,0.5474016663074139,True,True,True,True,True
23647126_0,9,0.4444017506536834,0.4444017506536834,0.4001962787968312,0.4444017506536834,0.44440175065368337,0.4444017506536834,True,True,True,True,True
23647126_0,11,0.35425901802198617,0.35425901802198617,0.3028814536771923,0.35425901802198617,0.3542590180219862,0.3542590180219862,True,True,True,True,True
23647126_0,14,0.269116144813173,0.269116144813173,0.2109642954704115,0.269116144813173,0.26911614481317303,0.269116144813173,True,True,True,True,True
23647126_0,17,0.16899712285502733,0.16899712285502733,0.10287943018444136,0.16899712285502733,0.1689971228550274,0.0,True,False,True,True,True
23647126_0,21,0.07369989597293414,0.07369989597293417,0.0,0.07369989597293417,0.0736998959729341,0.0736998959729341,True,True,True,True,True
23647126_0,29,0.17242720448347268,0.17242720448347268,0.10658242191847343,0.17242720448347268,0.17242720448347268,0.17242720448347268,True,True,True,True,True
23647126_0,32,0.3425583160735873,0.3425583160735873,0.2902498001800909,0.3425583160735873,0.3425583160735873,0.3425583160735873,True,True,True,True,True
23647126_0,35,0.4965511747560986,0.49655117475609867,0.4564949058569998,0.49655117475609867,0.4965511747560986,0.4965511747560986,True,True,True,True,True
23647126_0,37,0.6429434973712079,0.642943497371208,0.6145347484292638,0.642943497371208,0.642943497371208,0.6429434973712079,True,True,True,True,True
23647126_0,38,0.7681756839076691,0.7681756839076691,0.7497308754641386,0.0,0.7681756839076689,0.768175683907669,True,True,True,True,False
23647126_0,39,0.8040495581192656,0.8040495581192657,0.7884590090956,0.0,0.8040495581192656,0.8040495581192657,True,True,True,True,False
23840712#2_0,1,0.5141811697839856,0.14541256302702635,0.2634058129420048,1.3390034865894758e-16,0.22981808758802424,0.5268116258840095,False,False,False,True,False
23840712#2_0,2,0.548315667706779,0.5552373972010332,0.46971808094308887,0.02599828436952107,0.4880990241050462,0.35707133664470553,True,False,True,True,False
23840712#3_0,1,0.36789819784005834,0.14145715877180418,0.18844148507972364,1.748152152570675e-16,0.1140891604847391,0.17529363074340398,True,True,False,True,False
23840712#4_0,1,0.5799324485583741,0.5844518080225453,0.5484906718898236,0.5844518080225453,0.5939689144991206,0.5629856773851363,True,True,True,True,True
23840712#4_0,2,0.6443135025204422,0.6954353291204052,0.6427515114719432,0.531168269533689,0.6616534182477601,0.6018134009058389,True,True,True,True,False
23840712#4_0,3,0.4820738907030241,0.49150819381039385,0.5157748480051165,0.49150819381039385,0.4756370044452141,0.4611101540427611,True,True,True,True,True
23840712#4_0,4,0.43127742038086736,0.41912099116179713,0.3754750464687758,0.41912099116179713,0.4328982776100765,0.3539496893281559,True,True,True,True,True
23840712#4_0,5,0.3826350373591514,0.38750007159918204,0.40102066641191253,0.38750007159918204,0.40024643136658616,0.36701487407606526,True,True,True,True,True
23840712#4_0,6,0.31738661663683004,0.3120120515743228,0.29341919802544625,0.3120120515743228,0.3120120515743228,0.23228821469514077,True,True,True,True,True
23840712#4_0,7,0.3769908868561086,0.3629310986751289,0.38129122789433123,0.3629310986751289,0.35542069116876085,0.3671768909905612,True,True,True,True,True
23840712#4_0,8,0.3520583332856007,0.35205833328560077,0.2913682179526533,0.35205833328560077,0.38536636089777015,0.2519047052264285,True,False,True,True,True
23840712#4_0,9,0.48056723486947406,0.4444590824994412,0.36365090949335244,0.4444590824994412,0.43914530942620755,0.3934281770666934,True,True,True,True,True
23840712#4_0,10,0.3667201273892648,0.47980998531739466,0.6174911723495646,0.47980998531739466,0.4429348791119413,0.4929271256836079,False,True,False,True,True
23840712#4_0,11,0.46292730126665843,0.4757063402507689,0.4932030693704022,0.4757063402507689,0.46176553272655413,0.4907285343490091,True,True,True,True,True
23840712#4_0,12,0.6679613708092998,0.6746355601633606,0.6405103018837194,0.6746355601633606,0.6746355601633606,0.6472882549665882,True,True,True,True,True
23840712#4_0,13,0.7382322611914774,0.750004653572518,0.7204914197161397,0.7104277048738996,0.7428689979733716,0.7332583072952739,True,True,True,True,True
23840712#4_0,14,-2.0349711477065354e-16,-2.0349711477065354e-16,0.0,-2.0349711477065354e-16,0.0,0.0,True,True,True,True,True
23840887#0_0,1,0.3780916589149545,0.3771787317288655,0.3757541662545568,0.3771787317288655,0.3873383359113535,0.3929010227540648,True,True,True,True,True
23840887#0_0,2,0.2939348853826088,0.29197292756229737,0.2937873069901195,0.29197292756229737,0.29197292756229737,0.291704302670533,True,True,True,True,True
23840887#0_0,3,0.1787396171048583,0.1767517807700499,0.17675178077004985,0.1767517807700499,0.17449889959060028,0.18050658273579914,True,True,True,True,True
23840887#0_0,4,0.13959817308374942,0.13959817308374928,0.14596463965207604,0.13959817308374928,0.13965043266993235,0.131644676406491,True,True,True,True,True
23840887#0_0,5,0.018845003983560867,0.018845003983560902,0.01884500398356085,0.018845003983560902,0.018845003983560867,0.01884500398356085,True,True,True,True,True
23840887#0_0,6,0.046940283398148375,0.050818465518988505,0.052769122626187735,0.050818465518988505,0.04355018103509474,0.0342491579304415,True,True,True,True,True
23840887#0_0,7,0.029210150586490555,0.029210150586490558,0.03565221278262897,0.029210150586490558,0.0300886136132367,0.027277531927649028,True,True,True,True,True
23840887#1_0,1,0.23226050426911468,0.23226050426911474,0.23226050426911474,0.23226050426911474,0.22046822237914881,0.2267882230641102,True,True,True,True,True
23840887#1_0,2,0.38897212235988954,0.38897212235988954,0.3811359162012369,0.38897212235988954,0.38256068095735557,0.39904724456387164,True,True,True,True,True
23840887#1_0,3,0.4952093497892192,0.48214042108786753,0.5087130665404123,0.4510402042029636,0.5271191253376528,0.4831668499666063,True,True,True,True,True
23840887#1_0,4,0.675797034815629,0.6772208713464934,0.679472586452248,0.5873298773833218,0.678153630535979,0.6738422834948962,True,True,True,True,True
23840887#1_0,5,0.5438598451365672,0.544694100276048,0.546863163638698,0.544694100276048,0.5462434312493695,0.542525036913398,True,True,True,True,True
23840887#2_0,1,0.5378731182568194,0.5249821374087078,0.5173782736819337,0.5249821374087078,0.5150530697871277,0.5088140433147209,True,True,True,True,True
23840887#2_0,2,0.7343159624128769,0.6259132172103651,0.6364033401836757,0.4682569200644214,0.6257857891652986,0.5792542097039993,True,True,False,True,False
23840887#2_0,3,0.4652031261299381,0.4662453508985365,0.49381906806739084,0.4662453508985365,0.4444003190162252,0.4832352615000603,True,True,True,True,True
23840887#2_0,4,0.3827813235578538,0.367060609220573,0.33507414745553016,0.367060609220573,0.37056959458676575,0.3865051474608637,True,True,True,True,True
23840887#2_0,5,0.4564942247885286,0.3930401551052252,0.3959898241162363,0.3930401551052252,0.37471420731700894,0.3966705169649311,True,True,True,True,True
23840887#2_0,6,0.2588299133712599,0.24753785903808495,0.24144526708918937,0.24753785903808495,0.2298548592041588,0.25430504542569604,True,True,True,True,True
23840887#2_0,7,0.34622470233718455,0.34025629439095323,0.34025629439095323,0.34025629439095323,0.32917210820509507,0.32473843373075184,True,True,True,True,True
23840887#2_0,8,0.2197214594412967,0.2197214594412967,0.21972145944129667,0.2197214594412967,0.2100857983709316,0.20366202432402156,True,True,True,True,True
23840887#2_0,9,0.1675665550496096,0.1505179185929297,0.18853949016624105,0.1505179185929297,0.14187879700758135,0.16392113810776254,True,True,True,True,True
23840887#2_0,10,0.1491593961092379,0.1491593961092379,0.1491593961092379,0.1491593961092379,0.1491593961092379,0.14915939610923787,True,True,True,True,True
23840887#2_0,11,0.12191719897931434,0.11836815090317114,0.11902725983159776,0.11836815090317114,0.11836815090317111,0.12759567590114348,True,True,True,True,True
23840887#2_0,12,0.08556970704441516,0.09723318806011973,0.10711180566015627,0.09723318806011973,0.10209484746312569,0.03186300068360605,True,True,True,True,True
23840887#4_0,1,0.4596487480880265,0.4596487480880266,0.3163955074592389,0.4596487480880266,0.4596487480880265,0.3729346153077338,False,True,True,True,True
23840887#4_0,2,0.34275431982381066,0.34203998952720854,0.16248632581816286,0.34203998952720854,0.3428495638633576,0.23551282307553922,False,False,True,True,True
23840887#4_0,3,0.3764589563036558,0.3764589563036558,0.2111511590912062,0.3764589563036558,0.3764589563036558,0.2763947468367081,False,False,True,True,True
23840887#4_0,4,0.35885502073888287,0.35885502073888287,0.21742537492318484,0.35885502073888287,0.3554363308149359,0.25506526158414133,False,False,True,True,True
23840887#4_0,6,0.2741771928217607,0.27347593324973474,0.07583886474872199,0.27347593324973474,0.27303439944512575,0.15842245187598697,False,False,True,True,True
23840887#4_0,7,0.30859940194849034,0.30859940194849034,0.1253012678309152,0.30859940194849034,0.30859940194849034,0.1976452715533612,False,False,True,True,True
23840887#4_0,8,0.2830250347944715,0.29225805784839265,0.11630845031750255,0.29225805784839265,0.2950989880188298,0.17868151198352888,False,False,True,True,True
23840887#4_0,10,0.20825352423211005,0.20825352423211002,0.0,0.20825352423211002,0.20825352423211005,0.08119615407679848,False,False,True,True,True
23840887#4_0,11,0.2361269963758629,0.2970224889415591,0.11065518398584419,0.2970224889415591,0.297022488941559,0.2548783656825314,False,True,True,True,True
23840887#4_0,12,0.23552412187022007,0.23552412187021998,0.06570580569804793,0.23552412187021998,0.2355241218702201,0.10196071898952343,False,False,True,True,True
23840887#4_0,15,0.25244409299584375,0.3058583325295008,0.27761530985369176,0.3058583325295008,0.30243182350590475,0.28915952052558286,True,True,True,True,True
23840887#4_0,16,0.0,0.3424086042249445,0.16807367278717966,0.3424086042249445,0.3424086042249445,0.2368800847542327,False,False,False,True,True
23840887#4_0,17,0.3375167082362993,0.3375167082362993,0.16188487973257445,0.3375167082362993,0.3375167082362993,0.23120315029883864,False,False,True,True,True
23840887#4_0,18,0.4384137855006959,0.48062016839146204,0.34292668895213274,0.48062016839146204,0.47678322449230137,0.38094495639021586,False,True,True,True,True
23840887#4_0,19,0.0,0.433232509749342,0.28297602496437096,0.433232509749342,0.433232509749342,0.34227916924860585,False,True,False,True,True
23840887#4_0,20,0.26554727225123675,0.3811613774476706,0.4253168124519678,0.3811613774476706,0.35712245215958927,0.44287824574729645,True,True,False,True,True
23840887#4_0,21,0.5128842894348827,0.5128842894348827,0.3837443941302349,0.5128842894348827,0.5128842894348827,0.4347132548423852,False,True,True,True,True
23840887#4_0,22,0.6929036503190068,0.6237293127919635,0.5114737981818397,0.6237293127919635,0.6237293127919635,0.5365879758263871,False,True,True,True,True
23840887#4_0,23,0.5841268310159986,0.5841268310159986,0.4738741408691332,0.5841268310159986,0.5841268310159986,0.5173886101505187,False,True,True,True,True
23840887#4_0,24,0.6954629387203903,0.6871534907008044,0.5842656909874611,0.6871534907008044,0.6883405547036023,0.6408058848221959,False,True,True,True,True
23840887#4_0,25,0.7375024512479899,0.7409443081756671,0.6722657084206811,0.7409443081756671,0.7473363281842108,0.751296299998001,True,True,True,True,True
23840887#4_0,26,0.6911348580970025,0.7015540225666109,0.7101359087116147,0.7015540225666109,0.7391153837825283,0.7368073534735687,True,True,True,True,True
23840887#4_0,27,0.8578520417094737,0.8581711026746959,0.8147072453914554,0.0,0.8627473779945184,0.8355391851363225,True,True,True,True,False
23840887#4_0,28,0.8221275241121867,0.82176497540272,0.7766582312711702,0.8102563307564754,0.8282992953258279,0.7982991729920387,True,True,True,True,True
23840888#0_0,2,0.7488373948707318,0.7631091130776338,0.7420076589138088,0.0,0.6958626715872326,0.738476740631728,True,True,True,True,False
23840888#0_0,3,0.40837288873066724,0.40837288873066724,0.40837288873066724,0.40837288873066724,0.40837288873066724,0.40837288873066724,True,True,True,True,True
23840888#0_0,5,0.19350203710296257,0.19350203710296257,0.19350203710296263,0.19350203710296257,0.1935020371029626,0.19350203710296263,True,True,True,True,True
23840888#0_0,7,0.0,1.7566125147346334e-16,0.0,1.7566125147346334e-16,0.0,0.0,True,True,True,True,True
23840888#0_0,9,0.1670592539852062,0.1670592539852062,0.16705925398520616,0.1670592539852062,0.16705925398520619,0.16705925398520616,True,True,True,True,True
23840888#0_0,10,0.44900320398718396,0.44900320398718396,0.449003203987184,0.44900320398718396,0.449003203987184,0.449003203987184,True,True,True,True,True
23840888#0_0,11,0.6371435069815278,0.6371435069815278,0.6371435069815277,0.0,0.6371435069815277,0.6371435069815277,True,True,True,True,False
23840888#1_0,1,0.0,0.3567681677473147,0.0,0.3567681677473147,0.35676816774731474,0.0,False,False,False,True,True
23840888#1_0,2,0.6468410577393403,0.5180940940295067,0.3052164521683402,0.2456391197523527,0.585287025854918,0.6339174579834108,False,False,False,True,False
23840888#1_0,3,0.36607493486124315,0.5668740742054796,0.3679253953131958,0.5503898315608342,0.56687407420548,0.3644888259024266,False,False,False,True,True
23840888#1_0,4,0.5766037385926728,0.5911835190257297,0.5449765265282943,-1.0504057023917655e-16,0.6204097854496936,0.5897691942728394,True,True,True,True,False
23840935_0,3,0.2592682090296833,0.2592682090296831,0.21471179334321366,0.2592682090296831,0.26154703599593226,0.24939329217593745,True,True,True,True,True
23840935_0,6,0.0,0.20887768146669985,0.15811019311168614,0.20887768146669985,0.20887768146669985,0.20887768146669985,True,True,False,True,True
23840935_0,7,0.14698958593165376,0.14698958593165382,0.092250647023691,0.14698958593165382,0.1469895859316538,0.1469895859316538,True,True,True,True,True
23840935_0,11,0.0,0.13111514716887,0.07535752206516677,0.13111514716887,0.13111514716886988,0.13111514716886993,True,True,False,True,True
23840935_0,12,0.07550589299077065,0.07550589299077058,0.016179739863295375,0.07550589299077058,0.07550589299077065,0.07550589299077069,True,True,True,True,True
23840935_0,15,0.060301820902968324,0.06030182090296833,0.0,0.06030182090296833,0.060301820902968324,0.060301820902968324,True,True,True,True,True
23840935_0,17,1.384663288382585e-16,1.384663288382585e-16,0.0,1.384663288382585e-16,1.384663288382585e-16,0.0,True,True,True,True,True
28675493#0_0,2,0.8488716345504052,0.7375634983032842,0.7342565286907088,0.4971596002219635,0.7176106988947499,0.6715689435660566,True,True,False,True,False
28675493#0_0,3,0.6500777481691068,0.6500777481691068,0.490281577544857,0.6500777481691068,0.6500777481691069,0.490281577544857,False,False,True,True,True
28675493#0_0,4,0.3764596837631334,0.3764596837631334,0.0,0.3764596837631334,0.3764596837631334,0.09171255995736356,False,False,True,True,True
28675493#0_0,5,0.5378953723070169,0.5378953723070169,0.3268697814887191,0.5378953723070169,0.5378953723070169,0.3268697814887191,False,False,True,True,True
28675493#0_0,6,0.3557350887620447,0.3400579909873103,0.16809291170723037,0.3400579909873103,0.3527489749001905,0.16809291170723029,False,False,True,True,True
28675493#0_0,8,0.3134989115256326,0.3134989115256327,-1.577861822171123e-16,0.3134989115256327,0.3134989115256326,0.0,False,False,True,True,True
28675493#0_0,9,0.12612277503033706,0.12612277503033706,0.0,0.12612277503033706,0.12612277503033706,0.0,False,False,True,True,True
28675493#0_0,11,0.3728802190364106,0.3728802190364106,0.0864984899626931,0.3728802190364106,0.3728802190364106,0.0864984899626931,False,False,True,True,True
28675493#0_0,12,0.5649212456781165,0.5649212456781164,0.3662373423343401,0.5649212456781164,0.5649212456781165,0.36623734233434,False,False,True,True,True
28675493#0_0,14,0.7248129470519724,0.7248129470519726,0.5991454965357967,0.0,0.7248129470519724,0.5991454965357967,False,False,True,True,False
28675493#2_0,1,-1.3302237407724912e-16,-1.3302237407724912e-16,0.0,-1.3302237407724912e-16,0.0,0.0,True,True,True,True,True
28691861_0,1,0.6049766880533375,0.6056989020946698,0.5725498824114955,0.6056989020946698,0.6045827531217015,0.6056989020946698,True,True,True,True,True
28691861_0,2,0.8779980096525734,0.8876942292228638,0.8469338818050124,0.0,0.8896192898734278,0.8495299464090393,True,True,True,True,False
28691861_0,3,0.5760992592151893,0.5853174802943001,0.5707605512404064,0.5853174802943001,0.585675973767431,0.5785881916826463,True,True,True,True,True
28691861_0,5,0.4799762260128571,0.4944796581650325,0.4294387119705153,0.4944796581650325,0.5057845356828913,0.445579683946052,True,True,True,True,True
28691861_0,7,0.5405318822737947,0.5405318822737947,0.5036215940947003,0.5405318822737947,0.5405318822737945,0.5405318822737945,True,True,True,True,True
28691861_0,8,0.333418380189193,0.3325888873125346,0.2753894758700477,0.3325888873125346,0.3323336587351013,0.3325888873125346,True,True,True,True,True
28691861_0,9,0.452612502116637,0.45261250211663695,0.4086394177762176,0.45261250211663695,0.452612502116637,0.452612502116637,True,True,True,True,True
28691861_0,11,0.2761366912730485,0.28013137641662134,0.21613730061809006,0.28013137641662134,0.2921908680271113,0.28314632732797834,True,True,True,True,True
28691861_0,14,0.16198565721006652,0.2190135785123588,0.12987096459772585,0.2190135785123588,0.20000427141159471,0.21901357851235886,True,True,True,True,True
28691861_0,15,0.2993176419977392,0.2993176419977392,0.24302997641637705,0.2993176419977392,0.2993176419977392,0.2993176419977392,True,True,True,True,True
28691861_0,17,0.4186829430917722,0.4155953813836629,0.3455218309197613,0.4155953813836629,0.4119464448195336,0.4155953813836628,True,True,True,True,True
28691861_0,18,0.07435917384797743,0.07435917384797743,0.0,0.07435917384797743,0.07435917384797743,0.07435917384797744,True,True,True,True,True
28691861_0,19,0.6046900099310318,0.6046900099310318,0.5729337137037165,0.6046900099310318,0.604690009931032,0.604690009931032,True,True,True,True,True
28691861_0,20,0.5280151207970453,0.5280151207970453,0.4900993280892321,0.5280151207970453,0.5280151207970454,0.5280151207970454,True,True,True,True,True
28691861_0,21,0.7141130490098714,0.7141130490098714,0.6911469946949209,0.7141130490098714,0.7141130490098716,0.7141130490098716,True,True,True,True,True
28691861_0,22,0.7073037969915414,0.7044518024594174,0.6726987674219689,0.7044518024594174,0.6991552411854737,0.6859138380006132,True,True,True,True,True
28691861_0,23,0.6976886874801156,0.7143605702511543,0.7910588839080895,1.6259038286189919e-16,0.8058855949713135,0.6917007998218211,True,True,True,True,False
28691861_0,24,0.9735307434037893,0.96962867159493,0.9708755142728102,0.7614785796336045,0.9764866701368422,0.9804961832081452,True,True,True,True,False
290365598#0_0,1,0.43436352506737796,0.431470209302505,0.4316162294128828,0.431470209302505,0.4281835035452857,0.43319242252412804,True,True,True,True,True
290365598#0_0,2,0.29501192844115215,0.2923017875189977,0.2769443222934555,0.2923017875189977,0.29537328056410606,0.3008337126442988,True,True,True,True,True
290365598#0_0,3,0.2699277123305638,0.2699277123305638,0.27174115305390334,0.2699277123305638,0.26783528072671037,0.27219451323473826,True,True,True,True,True
290365598#0_0,4,0.1518640438722832,0.15159966363475047,0.1481627205468249,0.15159966363475047,0.15091227501716536,0.1511086717650468,True,True,True,True,True
290365598#0_0,5,0.10411507394635128,0.1041150739463513,0.10422050953677775,0.1041150739463513,0.10413264654475567,0.10414670462347919,True,True,True,True,True
290365598#0_0,7,0.006610040039808416,0.005901821464114731,0.0,0.005901821464114731,0.00944291434258334,0.009442914342583295,True,True,True,True,True
290365598#1_0,1,0.36418223612113426,0.39014895144336764,0.0,0.39014895144336764,0.39014895144336775,0.0,False,False,True,True,True
290365598#1_0,2,0.3504419141296697,0.24251781777162496,0.3635245859611342,0.24251781777162496,0.29293730451725375,0.192098331025996,False,True,False,True,True
290365598#1_0,3,0.5862488031055577,0.47940239963082587,0.4659864828487925,0.47940239963082587,0.5517215758015249,0.4970522483720453,True,True,False,True,True
290365598#1_0,4,0.7643546360890598,0.7561282238629958,0.7739783623032355,0.0,0.7512600042883846,0.7739783623032355,True,True,True,True,False
290365598#1_0,5,0.6235072033785046,0.651477016356458,0.6388831205455571,0.651477016356458,0.6568744002754157,0.6388831205455571,True,True,True,True,True
297047308_0,1,0.5060250574820514,0.5060250574820514,0.4919761923912169,0.5060250574820514,0.5060250574820515,0.4919761923912169,True,True,True,True,True
297047308_0,2,0.37131913323500176,0.459220021701077,0.4365082864471025,0.3290159584678847,0.4989346055395482,0.4261169824839897,True,True,True,True,False
297047308_0,3,0.43403960155403065,0.41917006866563433,0.5020517976353253,0.22586614111648137,0.4467849154583704,0.3628906941204857,True,True,True,True,False
297047308_0,4,0.3016541731187337,0.307924702422849,0.3333789109627604,0.307924702422849,0.3256856135850552,0.38173308935896405,True,True,True,True,True
297047308_0,5,0.4658869441446515,0.4658869441446515,0.4506965334191265,0.4658869441446515,0.4658869441446514,0.4506965334191265,True,True,True,True,True
297047308_0,6,0.3166587079672562,0.19587875849196296,0.04582160379634837,0.19587875849196296,0.23311353085919717,0.04582160379634837,False,False,False,True,True
297047308_0,7,0.6716617997928119,0.6725630738429293,0.6512008364835519,0.0,0.6716617997928119,0.6512008364835519,True,True,True,True,False
297047310#1_0,1,0.4967093676795255,0.5002554792962233,0.5073900980838262,0.5002554792962233,0.5060542290925842,0.5126921472657481,True,True,True,True,True
297047310#1_0,2,0.4028843723140706,0.40288437231407065,0.4028843723140704,0.40288437231407065,0.404901663380353,0.403941048586885,True,True,True,True,True
297047310#1_0,3,0.3603958112139138,0.3603958112139138,0.35544155778495234,0.3603958112139138,0.36270779614742915,0.3603958112139138,True,True,True,True,True
297047310#1_0,4,0.0,0.28151701299357895,0.281517012993579,0.28151701299357895,0.281517012993579,0.281517012993579,True,True,False,True,True
297047310#1_0,5,0.24967768845745486,0.2535580666363315,0.2513407076769734,0.2535580666363315,0.25045376409323017,0.2587319042081669,True,True,True,True,True
297047310#1_0,6,0.21261186106476565,0.21261186106476565,0.21261186106476568,0.21261186106476565,0.21261186106476565,0.2126118610647657,True,True,True,True,True
297047310#1_0,7,0.13756723331272094,0.143898410772368,0.15149274483037564,0.143898410772368,0.13963515597350729,0.143898410772368,True,True,True,True,True
297047310#1_0,8,0.08275190858991859,0.0827519085899186,0.08275190858991865,0.0827519085899186,0.08275190858991861,0.08275190858991865,True,True,True,True,True
297047310#1_0,10,0.044225409525254056,0.03915137266798118,0.03906328997927092,0.03915137266798118,0.042551443450123835,0.04213939026239951,True,True,True,True,True
297047310#2_0,2,0.1612111020857974,0.16121110208579742,0.16121110208579742,0.16121110208579742,0.16121110208579742,0.16121110208579742,True,True,True,True,True
297047310#2_0,3,0.2161657617602211,0.21616576176022106,0.21616576176022115,0.21616576176022106,0.2161657617602211,0.21616576176022112,True,True,True,True,True
297047310#2_0,6,0.24439818514462613,0.23241132629358874,0.31032590882533173,0.23241132629358874,0.29474299231898315,0.12852521625126478,True,False,True,True,True
297047310#2_0,8,0.0,0.5428939905661723,0.5428939905661722,0.5428939905661723,0.5428939905661722,0.5428939905661722,True,True,False,True,True
297047310#2_0,10,0.6848469734323269,0.6225881576657518,0.6848469734323268,0.6225881576657518,0.6848469734323269,0.6848469734323268,True,True,True,True,True
297047310#2_0,11,0.8062098907937052,0.8062098907937052,0.8062098907937051,0.0,0.8062098907937051,0.8062098907937051,True,True,True,True,False
297047310#2_0,12,0.9887169071023112,0.9765099305542808,0.9928256614781467,0.0,0.9891950409517849,0.9909669746731093,True,True,True,True,False
627838794_0,1,0.6066526310260608,0.6066526310260609,0.3044334708472977,0.6066526310260609,0.6066526310260608,0.6066526310260608,False,True,True,True,True
627838794_0,3,0.5241042430821216,0.5241042430821217,0.1584609788001455,0.5241042430821217,0.5241042430821216,0.5241042430821216,False,True,True,True,True
627838794_0,5,0.4344935351430847,0.43449353514308464,0.0,0.43449353514308464,0.4344935351430847,0.4344935351430847,False,True,True,True,True
627838794_0,8,0.3540745668939799,0.35407456689397987,0.0,0.35407456689397987,0.35407456689397987,0.3540745668939799,False,True,True,True,True
627838794_0,11,0.2636584874773489,0.2636584874773488,0.0,0.2636584874773488,0.2636584874773489,0.2636584874773489,False,True,True,True,True
627838794_0,15,0.1719030402773279,0.1719030402773279,0.0,0.1719030402773279,0.17190304027732786,0.17190304027732786,False,True,True,True,True
627838794_0,19,0.08367547031068079,0.08367547031068079,0.0,0.08367547031068079,0.08367547031068079,0.08367547031068079,True,True,True,True,True
8716807#1_0,1,0.07872460266339203,0.0924468897524125,0.05356707633352112,0.0924468897524125,0.06652701413981826,0.023489262337188295,True,True,True,True,True
8716807#1_0,2,0.34089706311972756,0.3461659506974919,0.34177377775794315,0.30921806667074947,0.3349727340106813,0.3452016013681645,True,True,True,True,True
8716807#1_0,3,0.4847678124202826,0.5107570358501204,0.534024520295098,0.3399555794975758,0.49636239955704464,0.5294165670271339,True,True,True,True,False
8716807#2_0,1,0.3234259812107479,0.3176764845023039,0.3214070524745914,0.3176764845023039,0.31505230905651727,0.30006857550021565,True,True,True,True,True
8716807#2_0,2,0.6607251278559205,0.6777752851661784,0.7197729560926694,0.20502864752159516,0.655714629559627,0.721576814911131,True,True,True,True,False
8716807#2_0,3,0.28784154158762126,0.26777927683259456,0.23483062455616702,0.26777927683259456,0.2709004508011044,0.27144193873163797,True,True,True,True,True
8716807#2_0,4,0.2514463932157062,0.2514463932157062,0.2514463932157062,0.2514463932157062,0.2514463932157062,0.2514463932157062,True,True,True,True,True
8716807#2_0,5,0.37604489345367564,0.3725336481913656,0.3898622732957707,0.3725336481913656,0.3288077480076537,0.380645838565424,True,True,True,True,True
8716807#2_0,6,0.6097428263028298,0.6123505568891302,0.6125478397340747,0.0,0.6012357552760422,0.6085722516364489,True,True,True,True,False
8716807#2_0,7,0.6018764875544227,0.5999712648713053,0.6062535199281124,0.5609219771170257,0.5975332735792493,0.5980755640437103,True,True,True,True,True
8716807#3_0,1,0.391805076845263,0.39106541080379836,0.39874062790950154,0.39106541080379836,0.39028223499518866,0.41959291926705505,True,True,True,True,True
8716807#3_0,2,0.3109925917861803,0.3158324697357005,0.31865221622608253,0.3158324697357005,0.3169671702116104,0.31863332369515723,True,True,True,True,True
8716807#3_0,3,0.27312234683616204,0.2632038320705616,0.25328531730496123,0.2632038320705616,0.2632038320705616,0.2552690202580813,True,True,True,True,True
8716807#3_0,4,0.2921570386136219,0.30418226899722905,0.29466229494353985,0.30418226899722905,0.2840134815053636,0.3120963983318035,True,True,True,True,True
8716807#3_0,5,0.4562851516221567,0.47655876174172984,0.5123333073797115,0.47655876174172984,0.4964373958885079,0.4603529711881084,True,True,True,True,True
8716807#3_0,6,0.7306070323714771,0.728814069348809,0.7301467023561306,0.0,0.728867485445796,0.731964716599242,True,True,True,True,False
8716807#3_0,7,0.521285500841266,0.5373141345984076,0.5705821543626394,0.5373141345984076,0.5742333762622549,0.5765486032747622,True,True,True,True,True
8716807#4_0,1,0.22487777893096114,0.30034707631858987,0.29787546986924873,0.30034707631858987,0.3005196789622013,0.29873507235304286,True,True,True,True,True
8716807#4_0,2,0.0930920684019194,0.18292995716117771,0.1829299571611777,0.18292995716117771,0.1829299571611777,0.1829299571611777,True,True,True,True,True
8716807#4_0,3,0.16187794678482248,0.2372627265864462,0.2381744537519593,0.2372627265864462,0.2348245261254336,0.2461069015070898,True,True,True,True,True
8716807#4_0,4,0.4803591856361156,0.4721951592719274,0.5344321051658223,0.4721951592719274,0.5360780324026252,0.535915291653511,True,True,True,True,True
8716807#4_0,5,0.6390976238621299,0.6667439766432918,0.6646859720722581,0.0,0.6717313446828577,0.6496335734490255,True,True,True,True,False
8716807#5_0,1,0.3190913922199012,0.3190913922199012,0.3190913922199012,0.3190913922199012,0.3190913922199012,0.3190913922199012,True,True,True,True,True
8716807#5_0,2,0.6436940076494083,0.653543162739294,0.6672104582745261,0.4335352987913642,0.6190539045730525,0.6300927418718331,True,True,True,True,False
8716807#5_0,3,0.0,0.6859825623918043,0.6859825623918042,0.6859825623918043,0.6859825623918042,0.6859825623918042,True,True,False,True,True
8716807#5_0,4,0.3339709556685178,0.34368768054554333,0.301581872745099,0.34368768054554333,0.3436876805455435,0.3436876805455435,True,True,True,True,True
8716807#5_0,5,0.3875487374308731,0.3875487374308731,0.4152462936250276,0.3875487374308731,0.3660061937243086,0.3487721587590568,True,True,True,True,True
8716807#5_0,6,0.36895221758599106,0.36895221758599106,0.36895221758599095,0.36895221758599106,0.36895221758599095,0.36895221758599095,True,True,True,True,True
8716807#5_0,7,0.30817586719538326,0.2943638219617047,0.29806895790534216,0.2943638219617047,0.3345502964273123,0.40209777478439773,True,False,True,True,True
8716807#5_0,8,0.18959878149071777,0.17322374755983988,0.17322374755983985,0.17322374755983988,0.15466537577151157,0.15466537577151157,True,True,True,True,True
8716807#5_0,9,0.3721198217301853,0.3721198217301853,0.3721198217301853,0.3721198217301853,0.3721198217301853,0.3721198217301853,True,True,True,True,True
8716807#5_0,11,0.13679366900115233,0.17126320054301788,0.23072119997123544,0.17126320054301788,0.15961366103829364,0.20694662955343093,True,True,True,True,True
8716807#5_0,12,0.09302863998232046,0.0930286399823205,0.0930286399823204,0.0930286399823205,0.09302863998232043,0.0930286399823204,True,True,True,True,True
8716807#5_0,14,0.162479150113918,0.162479150113918,0.16247915011391798,0.162479150113918,0.16247915011391798,0.16247915011391798,True,True,True,True,True
8716807#6_0,1,0.7695198501807714,0.7695198501807713,0.7695198501807714,0.7695198501807713,0.7695198501807714,0.7695198501807714,True,True,True,True,True
8716807#6_0,2,0.5871897885195797,0.6118941871808466,0.6415816537653036,0.46957122048916655,0.5637925675354362,0.6162275878063792,True,True,True,True,False
8716807#6_0,3,0.7411157544282504,0.7411157544282504,0.7411157544282505,0.7411157544282504,0.7411157544282505,0.7411157544282506,True,True,True,True,True
8716807#6_0,4,0.5426086362808762,0.48970909833020637,0.5321627261088328,0.48970909833020637,0.5904440388767025,0.5288736536066146,True,True,True,False,True
8716807#6_0,5,0.6637304175654287,0.657890436019039,0.6419728414114527,0.657890436019039,0.6613981850298505,0.612712561810547,True,True,True,True,True
8716807#6_0,6,0.6411492787926601,0.6411492787926603,0.680770873843035,0.5321898924041302,0.6547692020912266,0.5936918395072185,True,True,True,True,False
8716807#6_0,7,0.7587812548560862,0.8536969456039725,0.8298009159270087,0.6447383365557184,0.8528630241351159,0.8552548479962848,True,True,True,True,False
8716807#6_0,8,0.755168059630602,0.7714958222913156,0.8017033761105639,0.40189008054517555,0.7909218557730118,0.7933296170534065,True,True,True,True,False
8716807#6_0,9,0.9182194028291694,0.9101431681187017,0.8892085832739306,0.7697006216457573,0.9035549294358621,0.8809127365227241,True,True,True,True,False
8716807#6_0,10,0.9465165389972408,0.9438228249983496,0.952546251582766,0.6979654178840929,0.9498335772156404,0.9542291675191016,True,True,True,True,False
8716807#6_0,11,0.9576867515380485,0.9378038720748431,0.954578154589503,0.7385914564891318,0.9420785261330935,0.9544885121931578,True,True,True,True,False
8716807#6_0,12,0.8447063040651749,0.8273151573340334,0.8476704331803864,0.6883543294115606,0.7775737586592565,0.7819829324378088,True,True,True,True,False
8716807#6_0,13,0.9257909242867516,0.9371922933037073,0.9749037034847645,0.34948586341133503,0.9456038220264771,0.9291387447723001,True,True,True,True,False
